baker_id,series,baker_full,baker_short,age,occupation,occupation_group,hometown,place,elimination_episode,is_winner,is_runner_up,n_star_baker,n_technical_win,pronouns,years_baking_est,precision_job,chaos_self_describe,heritage_flavours,visual_showstopper,backup_baker,savoury_bias,started_late,bio_url,name_source,notes
1-lea,1,Lea Harris,Lea,51,Retired,retired,Midlothian,9,1,0,0,0,0,,,,,,,,,,https://en.wikipedia.org/wiki/The_Great_British_Bake_Off_series_1,wikipedia-series-page,
1-mark,1,Mark Whithers,Mark,48,Bus Driver,other,South Wales,,1,0,0,0,0,,,,,,,,,,https://en.wikipedia.org/wiki/The_Great_British_Bake_Off_series_1,wikipedia-series-page,
1-annetha,1,Annetha Mills,Annetha,30,Midwife,healthcare,Essex,7,2,0,0,0,0,,,,,,,,,,https://en.wikipedia.org/wiki/The_Great_British_Bake_Off_series_1,wikipedia-series-page,
1-louise,1,Louise Brimelow,Louise,44,Police Officer,other,Manchester,,2,0,0,0,0,,,,,,,,,,https://en.wikipedia.org/wiki/The_Great_British_Bake_Off_series_1,wikipedia-series-page,
1-jonathan,1,Jonathan Shepherd,Jonathan,25,Research Analyst,stem_medical,St Albans,6,3,0,0,0,1,,,,,,,,,,https://en.wikipedia.org/wiki/The_Great_British_Bake_Off_series_1,wikipedia-series-page,
1-david,1,David Chambers,David,31,Entrepreneur,other,Milton Keynes,5,4,0,0,0,0,,,,,,,,,,https://en.wikipedia.org/wiki/The_Great_British_Bake_Off_series_1,wikipedia-series-page,
1-jas,1,"Jasminder ""Jas"" Randhawa",Jas,45,Assistant Credit Control Manager,other,Birmingham,4,5,0,0,0,0,,,,,,,,,,https://en.wikipedia.org/wiki/The_Great_British_Bake_Off_series_1,wikipedia-series-page,
1-miranda,1,Miranda Gore Browne,Miranda,37,Food buyer for Marks & Spencer,food_adjacent,Midhurst,3,6,0,0,0,2,,,,,,,,,,https://en.wikipedia.org/wiki/The_Great_British_Bake_Off_series_1,wikipedia-series-page,
1-ruth,1,Ruth Clemens,Ruth,31,Retail manager/Housewife,other,Pointon,2,6,0,1,0,0,,,,,,,,,,https://en.wikipedia.org/wiki/The_Great_British_Bake_Off_series_1,wikipedia-series-page,
1-edd,1,Edward 'Edd' Kimber,Edd,24,Debt collector for Yorkshire Bank,other,Bradford,1,6,1,0,0,2,,,,,,,,,,https://en.wikipedia.org/wiki/The_Great_British_Bake_Off_series_1,wikipedia-series-page,
2-keith,2,Keith Batsford,Keith,31,House husband,other,Arlesey,12,1,0,0,0,0,,,,,,,,,,https://en.wikipedia.org/wiki/The_Great_British_Bake_Off_series_2,wikipedia-series-page,
2-simon,2,Simon Blackwell,Simon,31,Rugby Coach,other,Norfolk,11,2,0,0,0,0,,,,,,,,,,https://en.wikipedia.org/wiki/The_Great_British_Bake_Off_series_2,wikipedia-series-page,
2-ian,2,Ian Vallance,Ian,40,Fundraiser for English Heritage,other,Dunstable,9,3,0,0,0,0,,,,,,,,,,https://en.wikipedia.org/wiki/The_Great_British_Bake_Off_series_2,wikipedia-series-page,
2-urvashi,2,Urvashi Roe,Urvashi,40,Head of Marketing,other,Enfield,,3,0,0,0,0,,,,,,,,,,https://en.wikipedia.org/wiki/The_Great_British_Bake_Off_series_2,wikipedia-series-page,
2-ben,2,Ben Frazer,Ben,31,Graphic Designer,creative,Northampton,8,4,0,0,0,1,,,,,,,,,,https://en.wikipedia.org/wiki/The_Great_British_Bake_Off_series_2,wikipedia-series-page,
2-jason,2,Jason White,Jason,19,Civil Engineering Student,stem_medical,Croydon,6,5,0,0,2,1,,,,,,,,,,https://en.wikipedia.org/wiki/The_Great_British_Bake_Off_series_2,wikipedia-series-page,
2-robert,2,Robert Billington,Robert,25,Photographer,creative,London,,5,0,0,0,0,,,,,,,,,,https://en.wikipedia.org/wiki/The_Great_British_Bake_Off_series_2,wikipedia-series-page,
2-yasmin,2,Yasmin Limbert,Yasmin,43,Childminder,other,West Kirby,5,6,0,0,1,0,,,,,,,,,,https://en.wikipedia.org/wiki/The_Great_British_Bake_Off_series_2,wikipedia-series-page,
2-janet,2,Janet Basu,Janet,63,Teacher of Modern Languages,other,Formby,4,7,0,0,1,1,,,,,,,,,,https://en.wikipedia.org/wiki/The_Great_British_Bake_Off_series_2,wikipedia-series-page,
2-holly,2,Holly Bell,Holly,31,Advertising executive,creative,Leicester,2,8,0,1,2,2,,,,,,,,,,https://en.wikipedia.org/wiki/The_Great_British_Bake_Off_series_2,wikipedia-series-page,
2-mary-anne,2,Mary-Anne Boermans,Mary-Anne,45,Housewife,other,Kidderminster,2,8,0,1,0,0,,,,,,,,,,https://en.wikipedia.org/wiki/The_Great_British_Bake_Off_series_2,wikipedia-series-page,
2-jo,2,"Joanne ""Jo"" Wheatley",Jo,41,Housewife,other,Ongar,1,8,1,0,1,3,,,,,,,,,,https://en.wikipedia.org/wiki/The_Great_British_Bake_Off_series_2,wikipedia-series-page,
3-natasha,3,Natasha Stringer,Natasha,36,Midwife,healthcare,"Tamworth, England",12,1,0,0,0,0,,,,,,,,,,https://en.wikipedia.org/wiki/The_Great_British_Bake_Off_series_3,wikipedia-series-page,
3-peter,3,Peter Maloney,Peter,43,Sales manager,other,"Windsor, England",11,2,0,0,0,0,,,,,,,,,,https://en.wikipedia.org/wiki/The_Great_British_Bake_Off_series_3,wikipedia-series-page,
3-victoria,3,Victoria Chester,Victoria,50,CEO of the charity Plantlife,other,"Somerset, England",10,3,0,0,1,0,,,,,,,,,,https://en.wikipedia.org/wiki/The_Great_British_Bake_Off_series_3,wikipedia-series-page,
3-stuart,3,Stuart Marston-Smith,Stuart,26,PE teacher,other,"Lichfield, England",9,4,0,0,0,0,,,,,,,,,,https://en.wikipedia.org/wiki/The_Great_British_Bake_Off_series_3,wikipedia-series-page,
3-manisha,3,Manisha Parmar,Manisha,27,Nursery nurse,stem_medical,"Leicester, England",8,5,0,0,0,0,,,,,,,,,,https://en.wikipedia.org/wiki/The_Great_British_Bake_Off_series_3,wikipedia-series-page,
3-sarah-jane,3,Sarah-Jane Willis,Sarah-Jane,28,Vicar's wife,other,"Bewbush, England",6,7,0,0,0,1,,,,,,,,,,https://en.wikipedia.org/wiki/The_Great_British_Bake_Off_series_3,wikipedia-series-page,
3-ryan,3,Ryan Chong,Ryan,38,Photographer,creative,"Bristol, England",,7,0,0,1,0,,,,,,,,,,https://en.wikipedia.org/wiki/The_Great_British_Bake_Off_series_3,wikipedia-series-page,
3-cathryn,3,Cathryn Dresser,Cathryn,27,Shop assistant,other,"Pease Pottage, England",5,8,0,0,0,1,,,,,,,,,,https://en.wikipedia.org/wiki/The_Great_British_Bake_Off_series_3,wikipedia-series-page,
3-danny,3,Danny Bryden,Danny,45,Intensive care consultant,other,"Sheffield, England",4,9,0,0,1,0,,,,,,,,,,https://en.wikipedia.org/wiki/The_Great_British_Bake_Off_series_3,wikipedia-series-page,
3-brendan,3,Brendan Lynch,Brendan,63,Recruitment consultant,other,"Sutton Coldfield, England",2,10,0,1,2,2,,,,,,,,,,https://en.wikipedia.org/wiki/The_Great_British_Bake_Off_series_3,wikipedia-series-page,
3-james,3,James Morton,James,21,Medical student,stem_medical,"Hillswick, Scotland",2,10,0,1,3,5,,,,,,,,,,https://en.wikipedia.org/wiki/The_Great_British_Bake_Off_series_3,wikipedia-series-page,
3-john,3,John Whaite,John,22,Law student,student,"Wigan, England",1,10,1,0,1,1,,,,,,,,,,https://en.wikipedia.org/wiki/The_Great_British_Bake_Off_series_3,wikipedia-series-page,
4-ali,4,Ali Imdad,Ali,25,Charity worker,other,"Saltley, Birmingham",,4,0,0,0,0,,,,,,,,,,https://en.wikipedia.org/wiki/The_Great_British_Bake_Off_series_4,wikipedia-series-page,
4-beca,4,Beca Lyne-Pirkis,Beca,31,Military Wives' Choir Singer,other,"Aldershot, Hampshire",,9,0,0,0,1,,,,,,,,,,https://en.wikipedia.org/wiki/The_Great_British_Bake_Off_series_4,wikipedia-series-page,
4-christine,4,Christine Wallace,Christine,66,Director of an engraving company,other,"Didcot, Oxfordshire",,8,0,0,2,1,,,,,,,,,,https://en.wikipedia.org/wiki/The_Great_British_Bake_Off_series_4,wikipedia-series-page,
4-deborah,4,Deborah Manger,Deborah,51,Dentist,stem_medical,Peterborough,,3,0,0,0,0,,,,,,,,,,https://en.wikipedia.org/wiki/The_Great_British_Bake_Off_series_4,wikipedia-series-page,
4-frances,4,Frances Quinn,Frances,31,Children's Clothes Designer,creative,"Market Harborough, Leicestershire",1,10,1,0,1,1,,,,,,,,,,https://en.wikipedia.org/wiki/The_Great_British_Bake_Off_series_4,wikipedia-series-page,
4-glenn,4,Glenn Cosby,Glenn,37,English Teacher,other,"Teignmouth, Devon",,7,0,0,0,1,,,,,,,,,,https://en.wikipedia.org/wiki/The_Great_British_Bake_Off_series_4,wikipedia-series-page,
4-howard,4,Howard Middleton,Howard,51,Council Worker,other,Sheffield,,6,0,0,0,0,,,,,,,,,,https://en.wikipedia.org/wiki/The_Great_British_Bake_Off_series_4,wikipedia-series-page,
4-kimberley,4,Kimberley Wilson,Kimberley,30,Psychologist,other,London,2,10,0,1,2,3,,,,,,,,,,https://en.wikipedia.org/wiki/The_Great_British_Bake_Off_series_4,wikipedia-series-page,
4-lucy,4,Lucy Bellamy,Lucy,38,Horticulturist,other,"Grimsby, Lincolnshire",,2,0,0,0,0,,,,,,,,,,https://en.wikipedia.org/wiki/The_Great_British_Bake_Off_series_4,wikipedia-series-page,
4-mark,4,Mark Onley,Mark,37,Carpenter and Kitchen Fitter,other,Milton Keynes,,3,0,0,0,0,,,,,,,,,,https://en.wikipedia.org/wiki/The_Great_British_Bake_Off_series_4,wikipedia-series-page,
4-robert,4,Robert Smart,Robert,54,Space Satellite Designer,creative,"Melbourn, Cambridgeshire",,5,0,0,1,1,,,,,,,,,,https://en.wikipedia.org/wiki/The_Great_British_Bake_Off_series_4,wikipedia-series-page,
4-ruby,4,Ruby Tandoh,Ruby,20,History of Art and Philosophy Student,student,"Southend, Essex",2,10,0,1,3,2,,,,,,,,,,https://en.wikipedia.org/wiki/The_Great_British_Bake_Off_series_4,wikipedia-series-page,
4-toby,4,Toby Waterworth,Toby,30,Web Programmer,stem_medical,"Reading, Berkshire",,1,0,0,0,0,,,,,,,,,,https://en.wikipedia.org/wiki/The_Great_British_Bake_Off_series_4,wikipedia-series-page,
5-chetna,5,Chetna Makan,Chetna,35,Fashion Designer,creative,"Broadstairs, Kent",,9,0,0,1,1,,,,,,,,,,https://en.wikipedia.org/wiki/The_Great_British_Bake_Off_series_5,wikipedia-series-page,
5-claire,5,Claire Goodwin,Claire,31,Speech Therapist,other,"Ashton upon Mersey, Trafford",,1,0,0,0,0,,,,,,,,,,https://en.wikipedia.org/wiki/The_Great_British_Bake_Off_series_5,wikipedia-series-page,
5-diana,5,Diana Beard,Diana,69,Women's Institute (WI) Judge,other,"Alkington, Shropshire",,,0,0,0,0,,,,,,,,,,https://en.wikipedia.org/wiki/The_Great_British_Bake_Off_series_5,wikipedia-series-page,
5-enwezor,5,Enwezor Nzegwu,Enwezor,39,Business Consultant,other,"Portsmouth, Hampshire",,2,0,0,0,0,,,,,,,,,,https://en.wikipedia.org/wiki/The_Great_British_Bake_Off_series_5,wikipedia-series-page,
5-iain,5,Iain Watters,Iain,31,Construction Engineer,stem_medical,London/Belfast,,4,0,0,0,0,,,,,,,,,,https://en.wikipedia.org/wiki/The_Great_British_Bake_Off_series_5,wikipedia-series-page,
5-jordan,5,Jordan Cox,Jordan,32,IT Manager,other,"Sneinton, Nottingham",,3,0,0,0,0,,,,,,,,,,https://en.wikipedia.org/wiki/The_Great_British_Bake_Off_series_5,wikipedia-series-page,
5-kate,5,Kate Henry,Kate,41,Furniture Restorer,other,"Brighton, East Sussex",,7,0,0,1,0,,,,,,,,,,https://en.wikipedia.org/wiki/The_Great_British_Bake_Off_series_5,wikipedia-series-page,
5-luis,5,Luis Troyano,Luis,42,Graphic Designer,creative,"Poynton, Cheshire",2,10,0,1,1,1,,,,,,,,,,https://en.wikipedia.org/wiki/The_Great_British_Bake_Off_series_5,wikipedia-series-page,
5-martha,5,Martha Collison,Martha,17,Student,student,"Ascot, Berkshire",,8,0,0,0,2,,,,,,,,,,https://en.wikipedia.org/wiki/The_Great_British_Bake_Off_series_5,wikipedia-series-page,
5-nancy,5,Nancy Birtwhistle,Nancy,60,Retired Practice Manager,retired,"Barton-upon-Humber, Lincolnshire",1,10,1,0,1,3,,,,,,,,,,https://en.wikipedia.org/wiki/The_Great_British_Bake_Off_series_5,wikipedia-series-page,
5-norman,5,Norman Calder,Norman,66,Retired Naval Officer,retired,"Portknockie, Moray",,5,0,0,0,0,,,,,,,,,,https://en.wikipedia.org/wiki/The_Great_British_Bake_Off_series_5,wikipedia-series-page,
5-richard,5,Richard Burr,Richard,38,Builder,other,"Mill Hill, London",2,10,0,1,5,2,,,,,,,,,,https://en.wikipedia.org/wiki/The_Great_British_Bake_Off_series_5,wikipedia-series-page,
6-alvin,6,Alvin Magallanes,Alvin,37,Nurse,stem_medical,"Bracknell, Berkshire",,6,0,0,0,0,,,,,,,,,,https://en.wikipedia.org/wiki/The_Great_British_Bake_Off_series_6,wikipedia-series-page,
6-dorret,6,Dorret Conway,Dorret,53,Accountant,other,"Penwortham, Lancashire",,3,0,0,0,1,,,,,,,,,,https://en.wikipedia.org/wiki/The_Great_British_Bake_Off_series_6,wikipedia-series-page,
6-flora,6,Flora Shedden,Flora,19,Art Gallery Assistant,other,"Dunkeld, Perth and Kinross",,9,0,0,0,1,,,,,,,,,,https://en.wikipedia.org/wiki/The_Great_British_Bake_Off_series_6,wikipedia-series-page,
6-ian,6,Ian Cumming,Ian,41,Travel Photographer,creative,"Great Wilbraham, Cambridgeshire",2,10,0,1,3,1,,,,,,,,,,https://en.wikipedia.org/wiki/The_Great_British_Bake_Off_series_6,wikipedia-series-page,
6-marie,6,Marie Campbell,Marie,66,Retired,retired,"Auchterarder, Perthshire",,2,0,0,1,0,,,,,,,,,,https://en.wikipedia.org/wiki/The_Great_British_Bake_Off_series_6,wikipedia-series-page,
6-mat,6,Mat Riley,Mat,37,Firefighter,other,London,,7,0,0,1,1,,,,,,,,,,https://en.wikipedia.org/wiki/The_Great_British_Bake_Off_series_6,wikipedia-series-page,
6-nadiya,6,Nadiya Hussain,Nadiya,30,Full-time Mother,other,Leeds / Luton,1,10,1,0,3,4,,,,,,,,,,https://en.wikipedia.org/wiki/The_Great_British_Bake_Off_series_6,wikipedia-series-page,
6-paul,6,Paul Jagger,Paul,49,Prison Governor,other,"Swansea, Wales",,8,0,0,0,1,,,,,,,,,,https://en.wikipedia.org/wiki/The_Great_British_Bake_Off_series_6,wikipedia-series-page,
6-sandy,6,Sandy Docherty,Sandy,49,Child Welfare Officer,other,"Yeadon, West Yorkshire",,4,0,0,0,0,,,,,,,,,,https://en.wikipedia.org/wiki/The_Great_British_Bake_Off_series_6,wikipedia-series-page,
6-stu,6,Stu Henshall,Stu,35,Professional Musician,creative,"Guildford, Surrey",,1,0,0,0,0,,,,,,,,,,https://en.wikipedia.org/wiki/The_Great_British_Bake_Off_series_6,wikipedia-series-page,
6-tamal,6,Tamal Ray,Tamal,29,Trainee Anaesthetist,stem_medical,Manchester,2,10,0,1,1,0,,,,,,,,,,https://en.wikipedia.org/wiki/The_Great_British_Bake_Off_series_6,wikipedia-series-page,
6-ugn,6,Ugnė Bubnaityte,Ugnė,32,PA and Administrator,other,"Woodford, London / Vilkaviškis, Lithuania",,5,0,0,0,1,,,,,,,,,,https://en.wikipedia.org/wiki/The_Great_British_Bake_Off_series_6,wikipedia-series-page,
7-lee,7,Lee Banfield,Lee,67,Pastor,other,"Bolton, England",12,1,0,0,0,0,,,,,,,,,,https://en.wikipedia.org/wiki/The_Great_British_Bake_Off_series_7,wikipedia-series-page,
7-louise,7,Louise Williams,Louise,46,Hairdresser,creative,"Cardiff, Wales",11,2,0,0,0,0,,,,,,,,,,https://en.wikipedia.org/wiki/The_Great_British_Bake_Off_series_7,wikipedia-series-page,
7-michael,7,Michael Georgiou,Michael,20,Student,student,"Durham, England",10,3,0,0,0,0,,,,,,,,,,https://en.wikipedia.org/wiki/The_Great_British_Bake_Off_series_7,wikipedia-series-page,
7-kate,7,Kate Barmby,Kate,37,Nurse,stem_medical,"Brooke, England",9,4,0,0,0,1,,,,,,,,,,https://en.wikipedia.org/wiki/The_Great_British_Bake_Off_series_7,wikipedia-series-page,
7-val,7,"Valerie ""Val"" Stones",Val,66,"Semi-retired, Substitute teacher",retired,"Yeovil, England",8,5,0,0,0,1,,,,,,,,,,https://en.wikipedia.org/wiki/The_Great_British_Bake_Off_series_7,wikipedia-series-page,
7-rav,7,Rav Bansal,Rav,28,Student support,student,"Erith, England",7,6,0,0,0,0,,,,,,,,,,https://en.wikipedia.org/wiki/The_Great_British_Bake_Off_series_7,wikipedia-series-page,
7-tom,7,Tom Gilliford,Tom,26,Project engagement manager,other,"Rochdale, England",6,7,0,0,2,1,,,,,,,,,,https://en.wikipedia.org/wiki/The_Great_British_Bake_Off_series_7,wikipedia-series-page,
7-benjamina,7,Benjamina Ebuehi,Benjamina,23,Teaching assistant,other,"South London, England",5,8,0,0,1,1,,,,,,,,,,https://en.wikipedia.org/wiki/The_Great_British_Bake_Off_series_7,wikipedia-series-page,
7-selasi,7,Selasi Gbormittah,Selasi,30,Client service associate,other,"London, England",4,9,0,0,0,1,,,,,,,,,,https://en.wikipedia.org/wiki/The_Great_British_Bake_Off_series_7,wikipedia-series-page,
7-andrew,7,Andrew Smyth,Andrew,25,Aerospace engineer,stem_medical,"Holywood, Northern Ireland",2,10,0,1,2,2,,,,,,,,,,https://en.wikipedia.org/wiki/The_Great_British_Bake_Off_series_7,wikipedia-series-page,
7-jane,7,Jane Beedle,Jane,61,Garden designer,creative,"Beckenham, England",2,10,0,1,1,2,,,,,,,,,,https://en.wikipedia.org/wiki/The_Great_British_Bake_Off_series_7,wikipedia-series-page,
7-candice,7,Candice Brown,Candice,31,PE teacher,other,"Barton-Le-Clay, England",1,10,1,0,3,1,,,,,,,,,,https://en.wikipedia.org/wiki/The_Great_British_Bake_Off_series_7,wikipedia-series-page,
8-peter,8,Peter Abatan,Peter,52,IT Programme Manager,other,"Southend, England",12,1,0,0,0,0,,,,,,,,,,https://en.wikipedia.org/wiki/The_Great_British_Bake_Off_series_8,wikipedia-series-page,
8-chris,8,Chris Geiger,Chris,50,Software Developer,stem_medical,"Bristol, England",11,2,0,0,0,0,,,,,,,,,,https://en.wikipedia.org/wiki/The_Great_British_Bake_Off_series_8,wikipedia-series-page,
8-flo,8,Flo Atkins,Flo,71,Retired,retired,"Merseyside, England",10,3,0,0,0,0,,,,,,,,,,https://en.wikipedia.org/wiki/The_Great_British_Bake_Off_series_8,wikipedia-series-page,
8-tom,8,Tom Hetherington,Tom,29,Architect,stem_medical,"Edinburgh, Scotland",9,4,0,0,0,0,,,,,,,,,,https://en.wikipedia.org/wiki/The_Great_British_Bake_Off_series_8,wikipedia-series-page,
8-james,8,James Hillery,James,46,Banker,other,"Brentwood, England",8,5,0,0,0,0,,,,,,,,,,https://en.wikipedia.org/wiki/The_Great_British_Bake_Off_series_8,wikipedia-series-page,
8-julia,8,Julia Chernogorova,Julia,21,Aviation Broker,other,"Crawley, England",7,6,0,0,1,0,,,,,,,,,,https://en.wikipedia.org/wiki/The_Great_British_Bake_Off_series_8,wikipedia-series-page,
8-yan,8,"Chuen-Yan ""Yan"" Tsou",Yan,46,Laboratory Research Scientist,stem_medical,"North London, England",6,7,0,0,0,1,,,,,,,,,,https://en.wikipedia.org/wiki/The_Great_British_Bake_Off_series_8,wikipedia-series-page,
8-liam,8,Liam Charles,Liam,19,Student,student,"North London, England",5,8,0,0,1,0,,,,,,,,,,https://en.wikipedia.org/wiki/The_Great_British_Bake_Off_series_8,wikipedia-series-page,
8-stacey,8,Stacey Hart,Stacey,42,Former School Teacher,other,"Radlett, England",4,9,0,0,1,1,,,,,,,,,,https://en.wikipedia.org/wiki/The_Great_British_Bake_Off_series_8,wikipedia-series-page,
8-kate,8,Kate Lyon,Kate,29,Health and Safety Inspector,other,"Merseyside, England",2,10,0,1,1,1,,,,,,,,,,https://en.wikipedia.org/wiki/The_Great_British_Bake_Off_series_8,wikipedia-series-page,
8-steven,8,Steven Carter-Bailey,Steven,34,Marketer,other,"Watford, England",2,10,0,1,3,0,,,,,,,,,,https://en.wikipedia.org/wiki/The_Great_British_Bake_Off_series_8,wikipedia-series-page,
8-sophie,8,Sophie Faldo,Sophie,33,Former Army Officer and Trainee Stunt Woman,other,"West Molesey, England",1,10,1,0,2,0,,,,,,,,,,https://en.wikipedia.org/wiki/The_Great_British_Bake_Off_series_8,wikipedia-series-page,
9-imelda,9,Imelda McCarron,Imelda,33,Countryside recreation officer,other,"County Tyrone, Northern Ireland",12,1,0,0,0,0,,,,,,,,,,https://en.wikipedia.org/wiki/The_Great_British_Bake_Off_series_9,wikipedia-series-page,
9-luke,9,Luke Thompson,Luke,30,Civil servant/house and techno DJ,other,"Sheffield, England",11,2,0,0,0,0,,,,,,,,,,https://en.wikipedia.org/wiki/The_Great_British_Bake_Off_series_9,wikipedia-series-page,
9-antony,9,Antony Amourdoux,Antony,30,Banker,other,"London, England",10,3,0,0,0,0,,,,,,,,,,https://en.wikipedia.org/wiki/The_Great_British_Bake_Off_series_9,wikipedia-series-page,
9-karen,9,Karen Wright,Karen,60,In-store sampling assistant,other,"Wakefield, England",8,5,0,0,0,0,,,,,,,,,,https://en.wikipedia.org/wiki/The_Great_British_Bake_Off_series_9,wikipedia-series-page,
9-terry,9,Terry Hartill,Terry,56,Retired air steward,retired,"West Midlands, England",,5,0,0,0,1,,,,,,,,,,https://en.wikipedia.org/wiki/The_Great_British_Bake_Off_series_9,wikipedia-series-page,
9-dan,9,Dan Beasley-Harling,Dan,36,Stay at home parent,other,"London, England",7,6,0,0,1,1,,,,,,,,,,https://en.wikipedia.org/wiki/The_Great_British_Bake_Off_series_9,wikipedia-series-page,
9-jon,9,Jon Jenkins,Jon,47,Blood courier,other,"Newport, Wales",6,7,0,0,0,1,,,,,,,,,,https://en.wikipedia.org/wiki/The_Great_British_Bake_Off_series_9,wikipedia-series-page,
9-manon,9,Manon Lagrève,Manon,26,Software project manager,stem_medical,"London, England",5,8,0,0,1,0,,,,,,,,,,https://en.wikipedia.org/wiki/The_Great_British_Bake_Off_series_9,wikipedia-series-page,
9-briony,9,Briony Williams,Briony,33,Stay at home parent,other,"Bristol, England",4,9,0,0,1,2,,,,,,,,,,https://en.wikipedia.org/wiki/The_Great_British_Bake_Off_series_9,wikipedia-series-page,
9-kim-joy,9,Kim-Joy Hewlett,Kim-Joy,27,Mental health specialist,other,"Leeds, England",2,10,0,1,2,1,,,,,,,,,,https://en.wikipedia.org/wiki/The_Great_British_Bake_Off_series_9,wikipedia-series-page,
9-ruby,9,Ruby Bhogal,Ruby,29,Project manager,other,"London, England",2,10,0,1,2,3,,,,,,,,,,https://en.wikipedia.org/wiki/The_Great_British_Bake_Off_series_9,wikipedia-series-page,
9-rahul,9,Rahul Mandal,Rahul,30,Research scientist,stem_medical,"Rotherham, England",1,10,1,0,2,1,,,,,,,,,,https://en.wikipedia.org/wiki/The_Great_British_Bake_Off_series_9,wikipedia-series-page,
10-dan,10,Dan Chambers,Dan,32,Support worker,other,"Rotherham, England",13,1,0,0,0,0,,,,,,,,,,https://en.wikipedia.org/wiki/The_Great_British_Bake_Off_series_10,wikipedia-series-page,
10-jamie,10,Jamie Finn,Jamie,20,Part-time waiter,other,"Surrey, England",12,2,0,0,0,0,,,,,,,,,,https://en.wikipedia.org/wiki/The_Great_British_Bake_Off_series_10,wikipedia-series-page,
10-amelia,10,Amelia Le Bruin,Amelia,24,Fashion designer,creative,"Halifax, England",11,3,0,0,0,0,,,,,,,,,,https://en.wikipedia.org/wiki/The_Great_British_Bake_Off_series_10,wikipedia-series-page,
10-phil,10,Phil Thorne,Phil,56,HGV driver,other,"Rainham, England",10,4,0,0,0,0,,,,,,,,,,https://en.wikipedia.org/wiki/The_Great_British_Bake_Off_series_10,wikipedia-series-page,
10-helena,10,Helena Garcia,Helena,40,Online project manager,other,"Leeds, England",8,5,0,0,0,0,,,,,,,,,,https://en.wikipedia.org/wiki/The_Great_British_Bake_Off_series_10,wikipedia-series-page,
10-michelle,10,Michelle Evans-Fecci,Michelle,35,Print shop administrator,other,"Tenby, Wales",,5,0,0,1,0,,,,,,,,,,https://en.wikipedia.org/wiki/The_Great_British_Bake_Off_series_10,wikipedia-series-page,
10-priya,10,Priya O'Shea,Priya,34,Marketing consultant,other,"Leicester, England",7,6,0,0,0,0,,,,,,,,,,https://en.wikipedia.org/wiki/The_Great_British_Bake_Off_series_10,wikipedia-series-page,
10-michael,10,Michael Chakraverty,Michael,26,Theatre manager/fitness instructor,creative,"Stratford-upon-Avon, England",6,7,0,0,1,0,,,,,,,,,,https://en.wikipedia.org/wiki/The_Great_British_Bake_Off_series_10,wikipedia-series-page,
10-henry,10,Henry Bird,Henry,20,Student,student,"Durham, England",5,8,0,0,1,1,,,,,,,,,,https://en.wikipedia.org/wiki/The_Great_British_Bake_Off_series_10,wikipedia-series-page,
10-rosie,10,Rosie Brandreth-Poynter,Rosie,28,Veterinary surgeon,stem_medical,"Somerset, England",4,9,0,0,0,0,,,,,,,,,,https://en.wikipedia.org/wiki/The_Great_British_Bake_Off_series_10,wikipedia-series-page,
10-alice,10,Alice Fevronia,Alice,28,Geography teacher,other,"Essex, England",2,10,0,1,2,0,,,,,,,,,,https://en.wikipedia.org/wiki/The_Great_British_Bake_Off_series_10,wikipedia-series-page,
10-steph,10,Steph Blackwell,Steph,28,Shop assistant,other,"Chester, England",2,10,0,1,4,0,,,,,,,,,,https://en.wikipedia.org/wiki/The_Great_British_Bake_Off_series_10,wikipedia-series-page,
10-david,10,David Atherton,David,36,International health adviser,other,"Whitby, England",1,10,1,0,0,0,,,,,,,,,,https://en.wikipedia.org/wiki/The_Great_British_Bake_Off_series_10,wikipedia-series-page,
11-loriea,11,Loriea Campbell-Clarey,Loriea,27,Diagnostic radiographer,stem_medical,"Durham, England",12,1,0,0,0,0,,,,,,,,,,https://en.wikipedia.org/wiki/The_Great_British_Bake_Off_series_11,wikipedia-series-page,
11-mak,11,"Makbul ""Mak"" Patel",Mak,51,Accountant,other,"Manchester, England",11,2,0,0,0,0,,,,,,,,,,https://en.wikipedia.org/wiki/The_Great_British_Bake_Off_series_11,wikipedia-series-page,
11-rowan,11,Rowan Williams,Rowan,55,Music teacher,other,"Pershore, England",10,3,0,0,0,0,,,,,,,,,,https://en.wikipedia.org/wiki/The_Great_British_Bake_Off_series_11,wikipedia-series-page,
11-sura,11,Sura Mitib,Sura,31,Hospital pharmacy dispenser,other,"London, England",9,4,0,0,0,1,,,,,,,,,,https://en.wikipedia.org/wiki/The_Great_British_Bake_Off_series_11,wikipedia-series-page,
11-linda,11,Linda Rayfield,Linda,61,Retirement living team leader,other,"Bexhill-on-Sea, England",8,5,0,0,0,2,,,,,,,,,,https://en.wikipedia.org/wiki/The_Great_British_Bake_Off_series_11,wikipedia-series-page,
11-mark,11,Mark Lutton,Mark,32,Project manager,other,"Portadown, Northern Ireland",7,6,0,0,1,0,,,,,,,,,,https://en.wikipedia.org/wiki/The_Great_British_Bake_Off_series_11,wikipedia-series-page,
11-lottie,11,Lottie Bedlow,Lottie,31,Pantomime producer,other,"West Sussex, England",6,7,0,0,1,0,,,,,,,,,,https://en.wikipedia.org/wiki/The_Great_British_Bake_Off_series_11,wikipedia-series-page,
11-marc,11,Marc Elliott,Marc,51,Bronze resin sculptor,other,"St Eval, England",5,8,0,0,1,0,,,,,,,,,,https://en.wikipedia.org/wiki/The_Great_British_Bake_Off_series_11,wikipedia-series-page,
11-hermine,11,Hermine Dossou,Hermine,39,Accountant,other,"London, England",4,9,0,0,2,0,,,,,,,,,,https://en.wikipedia.org/wiki/The_Great_British_Bake_Off_series_11,wikipedia-series-page,
11-dave,11,Dave Friday,Dave,30,Armoured security guard,other,"Waterlooville, England",2,10,0,1,1,0,,,,,,,,,,https://en.wikipedia.org/wiki/The_Great_British_Bake_Off_series_11,wikipedia-series-page,
11-laura,11,Laura Adlington,Laura,31,Digital manager,other,"Gravesend, England",2,10,0,1,1,0,,,,,,,,,,https://en.wikipedia.org/wiki/The_Great_British_Bake_Off_series_11,wikipedia-series-page,
11-peter,11,Peter Sawkins,Peter,20,Accounting & finance student,student,"Edinburgh, Scotland",1,10,1,0,2,1,,,,,,,,,,https://en.wikipedia.org/wiki/The_Great_British_Bake_Off_series_11,wikipedia-series-page,
12-tom,12,Tom Fletcher,Tom,28,Software developer,stem_medical,"Maidstone, England",12,1,0,0,0,0,,,,,,,,,,https://en.wikipedia.org/wiki/The_Great_British_Bake_Off_series_12,wikipedia-series-page,
12-jairzinho,12,Jairzinho Parris,Jairzinho,51,Head of Finance,other,"London, England",11,2,0,0,0,0,,,,,,,,,,https://en.wikipedia.org/wiki/The_Great_British_Bake_Off_series_12,wikipedia-series-page,
12-rochica,12,Rochica Copeland,Rochica,27,Junior HR business partner,other,"Birmingham, England",10,3,0,0,0,0,,,,,,,,,,https://en.wikipedia.org/wiki/The_Great_British_Bake_Off_series_12,wikipedia-series-page,
12-maggie,12,Maggie Richardson,Maggie,70,Retired nurse and midwife,retired,"Poole, England",9,4,0,0,0,1,,,,,,,,,,https://en.wikipedia.org/wiki/The_Great_British_Bake_Off_series_12,wikipedia-series-page,
12-freya,12,Freya Cox,Freya,19,Student,student,"Scarborough, England",8,5,0,0,0,0,,,,,,,,,,https://en.wikipedia.org/wiki/The_Great_British_Bake_Off_series_12,wikipedia-series-page,
12-amanda,12,Amanda Georgiou,Amanda,56,Metropolitan Police detective,other,"London, England",7,6,0,0,0,0,,,,,,,,,,https://en.wikipedia.org/wiki/The_Great_British_Bake_Off_series_12,wikipedia-series-page,
12-george,12,George Aristidou,George,34,Shared lives coordinator,other,"London, England",6,7,0,0,0,0,,,,,,,,,,https://en.wikipedia.org/wiki/The_Great_British_Bake_Off_series_12,wikipedia-series-page,
12-lizzie,12,Lizzie Acker,Lizzie,28,Car production operative,other,"Liverpool, England",5,8,0,0,0,0,,,,,,,,,,https://en.wikipedia.org/wiki/The_Great_British_Bake_Off_series_12,wikipedia-series-page,
12-j-rgen,12,Jürgen Krauss,Jürgen,56,Physicist,stem_medical,"Brighton, England",4,9,0,0,3,4,,,,,,,,,,https://en.wikipedia.org/wiki/The_Great_British_Bake_Off_series_12,wikipedia-series-page,
12-chigs,12,Chigs Parmar,Chigs,40,Sales manager,other,"Leicester, England",2,10,0,1,2,1,,,,,,,,,,https://en.wikipedia.org/wiki/The_Great_British_Bake_Off_series_12,wikipedia-series-page,
12-crystelle,12,Crystelle Pereira,Crystelle,26,Client relationship manager,other,"London, England",2,10,0,1,2,1,,,,,,,,,,https://en.wikipedia.org/wiki/The_Great_British_Bake_Off_series_12,wikipedia-series-page,
12-giuseppe,12,Giuseppe Dell'Anno,Giuseppe,45,Chief engineer,stem_medical,"Bristol, England",1,10,1,0,2,3,,,,,,,,,,https://en.wikipedia.org/wiki/The_Great_British_Bake_Off_series_12,wikipedia-series-page,
13-will,13,Will Hawkins,Will,45,Former charity director,other,"London, England",12,1,0,0,0,0,,,,,,,,,,https://en.wikipedia.org/wiki/The_Great_British_Bake_Off_series_13,wikipedia-series-page,
13-maisam,13,Maisam Algirgeet,Maisam,18,Student and sales assistant,student,"Manchester, England",11,2,0,0,0,0,,,,,,,,,,https://en.wikipedia.org/wiki/The_Great_British_Bake_Off_series_13,wikipedia-series-page,
13-james,13,James Dewar,James,25,Nuclear scientist,stem_medical,"Cumbria, England",9,4,0,0,0,0,,,,,,,,,,https://en.wikipedia.org/wiki/The_Great_British_Bake_Off_series_13,wikipedia-series-page,
13-rebs,13,Rebecca 'Rebs' Lightbody,Rebs,23,Masters student,student,"County Antrim, Northern Ireland",,4,0,0,0,1,,,,,,,,,,https://en.wikipedia.org/wiki/The_Great_British_Bake_Off_series_13,wikipedia-series-page,
13-carole,13,Carole Edwards,Carole,59,Supermarket cashier,other,"Dorset, England",8,5,0,0,0,0,,,,,,,,,,https://en.wikipedia.org/wiki/The_Great_British_Bake_Off_series_13,wikipedia-series-page,
13-dawn,13,Dawn Hollyoak,Dawn,60,IT manager,other,"Bedfordshire, England",7,6,0,0,0,0,,,,,,,,,,https://en.wikipedia.org/wiki/The_Great_British_Bake_Off_series_13,wikipedia-series-page,
13-kevin,13,Kevin Flynn,Kevin,33,Music teacher,other,"Lanarkshire, Scotland",6,7,0,0,0,0,,,,,,,,,,https://en.wikipedia.org/wiki/The_Great_British_Bake_Off_series_13,wikipedia-series-page,
13-maxy,13,Marie-Therese 'Maxy' Maligisa,Maxy,29,Architectural assistant,stem_medical,"London, England",5,8,0,0,2,1,,,,,,,,,,https://en.wikipedia.org/wiki/The_Great_British_Bake_Off_series_13,wikipedia-series-page,
13-janusz,13,Janusz Domagala,Janusz,34,Personal assistant to head teacher,other,"East Sussex, England",4,9,0,0,2,2,,,,,,,,,,https://en.wikipedia.org/wiki/The_Great_British_Bake_Off_series_13,wikipedia-series-page,
13-abdul,13,Abdul Rehman Sharif,Abdul,29,Electronics engineer,stem_medical,"London, England",2,10,0,1,1,1,,,,,,,,,,https://en.wikipedia.org/wiki/The_Great_British_Bake_Off_series_13,wikipedia-series-page,
13-sandro,13,"Nelsandro ""Sandro"" Farmhouse",Sandro,30,Nanny,other,"London, England",2,10,0,1,1,2,,,,,,,,,,https://en.wikipedia.org/wiki/The_Great_British_Bake_Off_series_13,wikipedia-series-page,
13-syabira,13,Syabira Yusoff,Syabira,32,Cardiovascular research associate,other,"London, England",1,10,1,0,3,3,,,,,,,,,,https://en.wikipedia.org/wiki/The_Great_British_Bake_Off_series_13,wikipedia-series-page,
14-amos,14,Amos Lilley,Amos,43,Deli and grocery manager,other,"London, England",12,1,0,0,0,0,,,,,,,,,,https://en.wikipedia.org/wiki/The_Great_British_Bake_Off_series_14,wikipedia-series-page,
14-keith,14,Keith Barron,Keith,60,Chartered accountant,other,"Hampshire, England",11,2,0,0,0,0,,,,,,,,,,https://en.wikipedia.org/wiki/The_Great_British_Bake_Off_series_14,wikipedia-series-page,
14-abbi,14,Abbi Lawson,Abbi,27,Delivery driver,other,"Cumbria, England",10,3,0,0,0,1,,,,,,,,,,https://en.wikipedia.org/wiki/The_Great_British_Bake_Off_series_14,wikipedia-series-page,
14-nicky,14,Nicky Laceby,Nicky,52,Retired cabin crew and pet-therapy charity volunteer,retired,"Shropshire, England",8,5,0,0,0,0,,,,,,,,,,https://en.wikipedia.org/wiki/The_Great_British_Bake_Off_series_14,wikipedia-series-page,
14-rowan,14,Rowan Claughton,Rowan,21,English literature student,student,"West Yorkshire, England",,5,0,0,0,0,,,,,,,,,,https://en.wikipedia.org/wiki/The_Great_British_Bake_Off_series_14,wikipedia-series-page,
14-dana,14,Dana Conway,Dana,25,Database administrator,other,"Essex, England",7,6,0,0,0,0,,,,,,,,,,https://en.wikipedia.org/wiki/The_Great_British_Bake_Off_series_14,wikipedia-series-page,
14-saku,14,Saku Chandrasekara,Saku,50,Intelligence analyst,stem_medical,"Herefordshire, England",6,7,0,0,0,1,,,,,,,,,,https://en.wikipedia.org/wiki/The_Great_British_Bake_Off_series_14,wikipedia-series-page,
14-cristy,14,Cristy Sharp,Cristy,33,Personal assistant,other,"London, England",5,8,0,0,1,1,,,,,,,,,,https://en.wikipedia.org/wiki/The_Great_British_Bake_Off_series_14,wikipedia-series-page,
14-tasha,14,Tasha Stones,Tasha,27,Children's charity participation officer,other,"Bristol, England",4,9,0,0,2,2,,,,,,,,,,https://en.wikipedia.org/wiki/The_Great_British_Bake_Off_series_14,wikipedia-series-page,
14-dan,14,Dan Hunter,Dan,42,Civil engineering resource planner,stem_medical,"Cheshire, England",2,10,0,1,2,3,,,,,,,,,,https://en.wikipedia.org/wiki/The_Great_British_Bake_Off_series_14,wikipedia-series-page,
14-josh,14,Josh Smalley,Josh,27,Chemical biology post-doctoral research associate,stem_medical,"Leicestershire, England",2,10,0,1,2,2,,,,,,,,,,https://en.wikipedia.org/wiki/The_Great_British_Bake_Off_series_14,wikipedia-series-page,
14-matty,14,Matty Edgell,Matty,28,PE and science teacher,other,"Cambridgeshire, England",1,10,1,0,2,0,,,,,,,,,,https://en.wikipedia.org/wiki/The_Great_British_Bake_Off_series_14,wikipedia-series-page,
15-jeff,15,Jeff Thomas,Jeff,67,Retired university lecturer,retired,"West Yorkshire, England",12,2,0,0,0,0,,,,,,,,,,https://en.wikipedia.org/wiki/The_Great_British_Bake_Off_series_15,wikipedia-series-page,
15-hazel,15,Hazel Vaughan,Hazel,71,Retired nail technician,retired,"Kent, England",,2,0,0,0,0,,,,,,,,,,https://en.wikipedia.org/wiki/The_Great_British_Bake_Off_series_15,wikipedia-series-page,
15-john,15,John Mincher,John,37,Directorate support manager,other,"West Midlands, England",10,3,0,0,1,0,,,,,,,,,,https://en.wikipedia.org/wiki/The_Great_British_Bake_Off_series_15,wikipedia-series-page,
15-mike,15,Mike Wilkins,Mike,29,Farm manager,other,"Wiltshire, England",9,4,0,0,0,1,,,,,,,,,,https://en.wikipedia.org/wiki/The_Great_British_Bake_Off_series_15,wikipedia-series-page,
15-andy,15,Andy Ryan,Andy,44,Car mechanic,other,"Romford, England",8,5,0,0,0,0,,,,,,,,,,https://en.wikipedia.org/wiki/The_Great_British_Bake_Off_series_15,wikipedia-series-page,
15-nelly,15,Nelly Ghaffar,Nelly,44,Palliative care assistant,healthcare,"Dorset, England",7,6,0,0,0,1,,,,,,,,,,https://en.wikipedia.org/wiki/The_Great_British_Bake_Off_series_15,wikipedia-series-page,
15-sumayah,15,Sumayah Kazi,Sumayah,18,Gap Year student,student,"Lancashire, England",6,7,0,0,2,0,,,,,,,,,,https://en.wikipedia.org/wiki/The_Great_British_Bake_Off_series_15,wikipedia-series-page,
15-illiyin,15,Illiyin Morrison,Illiyin,31,| Birth trauma specialist midwife,healthcare,"Norfolk, England",5,8,0,0,0,1,,,,,,,,,,https://en.wikipedia.org/wiki/The_Great_British_Bake_Off_series_15,wikipedia-series-page,
15-gill,15,Gill Howard,Gill,53,Senior category manager,other,"Lancashire, England",4,9,0,0,1,0,,,,,,,,,,https://en.wikipedia.org/wiki/The_Great_British_Bake_Off_series_15,wikipedia-series-page,
15-christiaan,15,Christiaan de Vries,Christiaan,33,Menswear designer,creative,"London, England",2,10,0,1,1,1,,,,,,,,,,https://en.wikipedia.org/wiki/The_Great_British_Bake_Off_series_15,wikipedia-series-page,
15-dylan,15,Dylan Bachelet,Dylan,20,Retail assistant,other,"Aylesbury, England",2,10,0,1,2,3,,,,,,,,,,https://en.wikipedia.org/wiki/The_Great_British_Bake_Off_series_15,wikipedia-series-page,
15-georgie,15,Georgie Grasso,Georgie,34,Paediatric nurse,stem_medical,"Carmarthen, Wales",1,10,1,0,2,3,,,,,,,,,,https://en.wikipedia.org/wiki/The_Great_British_Bake_Off_series_15,wikipedia-series-page,
16-hassan,16,Hassan Islam,Hassan,30,Analytical research & development scientist,stem_medical,"Rotherham, England",,1,0,0,0,0,,,,,,,,,,https://en.wikipedia.org/wiki/The_Great_British_Bake_Off_series_16,wikipedia-series-page,
16-leighton,16,Leighton Morgan,Leighton,59,Software delivery manager,stem_medical,"Surrey, England",,2,0,0,0,0,,,,,,,,,,https://en.wikipedia.org/wiki/The_Great_British_Bake_Off_series_16,wikipedia-series-page,
16-pui-man,16,Carol 'Pui Man' Li,Pui Man,51,Bridal designer,creative,"Essex, England",,3,0,0,0,0,,,,,,,,,,https://en.wikipedia.org/wiki/The_Great_British_Bake_Off_series_16,wikipedia-series-page,
16-jessika,16,Jessika Trassel,Jessika,32,Service designer,creative,"London, England",,4,0,0,0,0,,,,,,,,,,https://en.wikipedia.org/wiki/The_Great_British_Bake_Off_series_16,wikipedia-series-page,
16-nadia,16,Nadia Mercuri,Nadia,41,Hairdresser,creative,"Liverpool, England",,5,0,0,0,0,,,,,,,,,,https://en.wikipedia.org/wiki/The_Great_British_Bake_Off_series_16,wikipedia-series-page,
16-nataliia,16,Nataliia Richardson,Nataliia,32,Office assistant,other,"East Yorkshire, England",,6,0,0,1,0,,,,,,,,,,https://en.wikipedia.org/wiki/The_Great_British_Bake_Off_series_16,wikipedia-series-page,
16-lesley,16,Lesley Holloway,Lesley,59,Hairdresser,creative,"Kent, England",,7,0,0,0,1,,,,,,,,,,https://en.wikipedia.org/wiki/The_Great_British_Bake_Off_series_16,wikipedia-series-page,
16-iain,16,Iain Ross,Iain,29,Software engineer,stem_medical,"Belfast, Northern Ireland",,8,0,0,0,1,,,,,,,,,,https://en.wikipedia.org/wiki/The_Great_British_Bake_Off_series_16,wikipedia-series-page,
16-toby,16,Toby Littlewood,Toby,29,Business development executive,other,"Warwickshire, England",,9,0,0,1,2,,,,,,,,,,https://en.wikipedia.org/wiki/The_Great_British_Bake_Off_series_16,wikipedia-series-page,
16-aaron,16,Aaron Mountford-Myles,Aaron,38,Senior systems architect,stem_medical,"Stoke-on-Trent, England",2,10,0,1,1,0,,,,,,,,,,https://en.wikipedia.org/wiki/The_Great_British_Bake_Off_series_16,wikipedia-series-page,
16-tom,16,"Thomas ""Tom"" Arden",Tom,31,Creative entrepreneur,other,"London, England",2,10,0,1,1,2,,,,,,,,,,https://en.wikipedia.org/wiki/The_Great_British_Bake_Off_series_16,wikipedia-series-page,
16-jasmine,16,Jasmine Mitchell,Jasmine,23,Medical student,stem_medical,"London, England",1,10,1,0,5,4,,,,,,,,,,https://en.wikipedia.org/wiki/The_Great_British_Bake_Off_series_16,wikipedia-series-page,
17-clara,17,Clara Satchell-Silva,Clara,24,Marketing graduate,student,"Hertfordshire, England (from Aveiro, Portugal)",,,0,0,0,0,she/her,2,0,1,1,1,0,0,1,https://thegreatbritishbakeoff.co.uk/meet-the-class-of-2026/,official+wikipedia,Short stated tenure (cakes ~2 years). Visual/Portuguese flavour lane. Nigella-pleasure possible; Paul polish is the risk.
17-connie,17,Connie,Connie,63,NHS hospital discharge lead,healthcare,"London, England",,,0,0,0,0,she/her,20,0,0,0,0,0,0,0,https://thegreatbritishbakeoff.co.uk/meet-the-class-of-2026/,official,Known as the Cake Lady. Rum-soaked fruit. Cake-week specialist profile; bread/pastry/patisserie is the open question. Official materials use Connie only — no surname stored.
17-danni,17,Danni,Danni,25,HGV service centre administrator,other,"Dorset, England",,,0,0,0,0,they/them,,0,1,1,1,0,0,0,https://thegreatbritishbakeoff.co.uk/meet-the-class-of-2026/,official,Official style line is chaos. Foraged + ube/red bean. High variance. Technical ranking may bite.
17-gabe,17,Gabe Capes,Gabe,32,Artist and drag king,creative,"West Midlands, England (raised Grimsby)",,,0,0,0,0,they/them,19,0,0,0,1,0,1,0,https://thegreatbritishbakeoff.co.uk/meet-the-class-of-2026/,official+wikipedia,"Watched series 1 at 13. Homemade/gorgeous, savoury, meringue. Costume/visual skill. Pink News also lists he/they; default here is they/them."
17-gary,17,Gary Harding,Gary,67,Retired garment technologist,retired,"Nottinghamshire, England",,,0,0,0,0,he/him,5,1,0,0,1,0,0,1,https://thegreatbritishbakeoff.co.uk/meet-the-class-of-2026/,official+wikipedia,Oldest in the tent. Presentation analog from garment tech. Late starter. Winner mass at 67 is historically tiny (Nancy 60 is the outlier).
17-mo,17,Mo,Mo,21,Law student,student,"West Midlands, England",,,0,0,0,0,he/him,12,0,1,1,0,0,0,0,https://thegreatbritishbakeoff.co.uk/meet-the-class-of-2026/,official,"Youngest. Self-describes chaotic/random but now 'precise, professional-looking'. Asian-British flavours. Official age is 21 (ignore Good Housekeeping 32). Official materials use Mo only — no surname stored."
17-molly,17,Molly Chauhan,Molly,31,Accessibility coordinator,other,"London, England",,,0,0,0,0,she/her,25,0,0,0,0,0,0,0,https://thegreatbritishbakeoff.co.uk/meet-the-class-of-2026/,official+wikipedia,Baking 25+ years from grandmother. Traditional flavours. Cross-stitch patience/detail. Consistency profile.
17-moyin,17,Moyin Odeniran,Moyin,22,Political economy student,student,"Essex, England",,,0,0,0,0,he/him,17,1,0,1,0,0,0,0,https://thegreatbritishbakeoff.co.uk/meet-the-class-of-2026/,official+wikipedia,Macaronage by 14 is the strongest on-paper technical signal in this class. Nigerian flavours. County 100m champion — discipline analog.
17-nikki,17,Nikki,Nikki,50,Advertising post-producer,creative,"London, England",,,0,0,0,0,she/her,43,0,0,0,1,0,0,0,https://thegreatbritishbakeoff.co.uk/meet-the-class-of-2026/,official,Visual-industry job. Baking from age 7. Middle of the age curve's right tail. Not an obvious technical prodigy from the bio.
17-shannon,17,Shannon,Shannon,29,Project planner and scheduler,other,"Gloucestershire, England (grew up Bristol)",,,0,0,0,0,she/her,20,1,0,0,0,1,0,0,https://thegreatbritishbakeoff.co.uk/meet-the-class-of-2026/,official,"Timings job is the on-the-nose Bake Off analog. Rustic/whimsical vs Paul polish is the risk. Confirmed 2025 reserve baker in a Media Mole Q&A — tent experience, not a winner lock. Official materials use Shannon only."
17-tom,17,Tom Whittaker,Tom,25,Hairdresser,creative,"West Yorkshire, England",,,0,0,0,0,he/him,19,0,0,0,1,0,0,0,https://thegreatbritishbakeoff.co.uk/meet-the-class-of-2026/,official+wikipedia,Brandy snaps before 10. Hairdressing = hands/presentation. Strong TV-character bio. Sugarwork childhood ≠ bread/pastry.
17-yannis,17,Yannis,Yannis,28,Paediatric doctor,stem_medical,"London, England (born Vienna)",,,0,0,0,0,he/him,,1,0,1,0,0,0,0,https://thegreatbritishbakeoff.co.uk/meet-the-class-of-2026/,official,"NICU doctor, pastry self-ID, Bangladeshi/Austrian flavour range. Bake Off helped him learn English. Medical analog: Jasmine (S16) was a medical student. Not predictive, but the pool will notice."
