series,episode,title,theme,technical_set_by,n_bakers_start,n_eliminated,n_star_baker,no_elimination_flag,double_elimination_flag
1,1,Episode 1: Cakes,Cakes,,10,2,0,0,1
1,2,Episode 2: Biscuits,Biscuits,,8,2,0,0,1
1,3,Episode 3: Bread,Bread,,6,1,0,0,0
1,4,Episode 4: Puddings,Puddings,,5,1,0,0,0
1,5,Episode 5: Pastry,Pastry,,4,1,0,0,0
1,6,Episode 6: Tea Party (Final),Tea Party,,3,1,0,0,0
2,1,Episode 1: Cakes,Cakes,,12,1,1,0,0
2,2,Episode 2: Tarts,Tarts,,11,1,1,0,0
2,3,Episode 3: Bread,Bread,,10,2,1,0,1
2,4,Episode 4: Biscuits,Biscuits,,8,1,2,0,0
2,5,Episode 5: Pies,Pies,,7,2,1,0,1
2,6,Episode 6: Desserts (Quarterfinals),Desserts,,5,1,1,0,0
2,7,Episode 7: Pâtisserie (Semi-final),Pâtisserie,,4,1,0,0,0
2,8,Episode 8: Final,Final,,3,0,0,0,0
3,1,Episode 1: Cakes,Cakes,,12,1,1,0,0
3,2,Episode 2: Bread,Bread,,11,1,1,0,0
3,3,Episode 3: Tarts,Tarts,,10,1,1,0,0
3,4,Episode 4: Desserts,Desserts,,9,1,1,0,0
3,5,Episode 5: Pies,Pies,,8,1,1,0,0
3,6,Episode 6: Puddings,Puddings,,7,0,1,1,0
3,7,Episode 7: Sweet Dough,Sweet Dough,,7,2,1,0,1
3,8,Episode 8: Biscuits,Biscuits,,5,1,1,0,0
3,9,Episode 9: Pâtisserie (Semifinal),Pâtisserie,,4,1,1,0,0
3,10,Episode 10: Final,Final,,3,0,0,0,0
4,1,Episode 1: Cakes,Cakes,,13,1,1,0,0
4,2,Episode 2: Bread,Bread,,12,1,1,0,0
4,3,Episode 3: Desserts,Desserts,,11,2,1,0,1
4,4,Episode 4: Pies and Tarts,Pies and Tarts,,9,1,1,0,0
4,5,Episode 5: Biscuits and Traybakes,Biscuits and Traybakes,,8,1,1,0,0
4,6,Episode 6: Sweet Dough,Sweet Dough,,7,1,1,0,0
4,7,Episode 7: Pastry,Pastry,,6,1,1,0,0
4,8,Episode 8: Alternative Ingredients (Quarterfinals),Alternative Ingredients,,5,1,1,0,0
4,9,Episode 9: French week (Semi-final),French week,,4,1,1,0,0
4,10,Episode 10: Final,Final,,3,0,0,0,0
5,1,Episode 1: Cakes,Cakes,,12,1,1,0,0
5,2,Episode 2: Biscuits,Biscuits,,11,1,1,0,0
5,3,Episode 3: Bread,Bread,,10,1,1,0,0
5,4,Episode 4: Desserts,Desserts,,9,1,1,0,0
5,5,Episode 5: Pies and Tarts,Pies and Tarts,,8,1,1,0,0
5,6,Episode 6: European Cakes,European Cakes,,6,0,1,1,0
5,7,Episode 7: Pastry,Pastry,,6,1,1,0,0
5,8,Episode 8: Advanced Dough (Quarterfinals),Advanced Dough,,5,1,1,0,0
5,9,Episode 9: Pâtisserie (Semi-final),Pâtisserie,,4,1,1,0,0
5,10,Episode 10: Final,Final,,3,0,0,0,0
6,1,Episode 1: Cakes,Cakes,,12,1,1,0,0
6,2,Episode 2: Biscuits,Biscuits,,11,1,1,0,0
6,3,Episode 3: Bread,Bread,,10,1,1,0,0
6,4,Episode 4: Desserts,Desserts,,9,1,1,0,0
6,5,Episode 5: Alternative Ingredients,Alternative Ingredients,,8,1,1,0,0
6,6,Episode 6: Pastry,Pastry,,7,1,1,0,0
6,7,Episode 7: Victorian,Victorian,,6,1,1,0,0
6,8,Episode 8: Pâtisserie (Quarterfinals),Pâtisserie,,5,1,1,0,0
6,9,Episode 9: Chocolate (Semifinals),Chocolate,,4,1,1,0,0
6,10,Episode 10: Final,Final,,3,0,0,0,0
7,1,Episode 1: Cake,Cake,,12,1,1,0,0
7,2,Episode 2: Biscuits,Biscuits,,11,1,1,0,0
7,3,Episode 3: Bread,Bread,,10,1,1,0,0
7,4,Episode 4: Batter,Batter,,9,1,1,0,0
7,5,Episode 5: Pastry,Pastry,,8,1,1,0,0
7,6,Episode 6: Botanical,Botanical,,7,1,1,0,0
7,7,Episode 7: Desserts,Desserts,,6,1,1,0,0
7,8,Episode 8: Tudor (Quarterfinals),Tudor,,5,1,1,0,0
7,9,Episode 9: Pâtisserie (Semi-final),Pâtisserie,,4,1,1,0,0
7,10,Episode 10: Royal Picnic (Final),Royal Picnic,,3,0,0,0,0
8,1,Episode 1: Cakes,Cakes,,12,1,1,0,0
8,2,Episode 2: Biscuits,Biscuits,,11,1,1,0,0
8,3,Episode 3: Bread,Bread,,10,1,1,0,0
8,4,Episode 4: Caramel,Caramel,Prue Leith,9,1,1,0,0
8,5,Episode 5: Puddings,Puddings,Paul Hollywood,8,1,1,0,0
8,6,Episode 6: Pastry,Pastry,Paul Hollywood,7,1,1,0,0
8,7,Episode 7: Italian,Italian,Prue Leith,6,1,1,0,0
8,8,Episode 8: Forgotten Bakes (Quarterfinals),Forgotten Bakes,Paul Hollywood,5,1,1,0,0
8,9,Episode 9: Pâtisserie (Semi-final),Pâtisserie,Prue Leith,4,1,1,0,0
8,10,Episode 10: Final,Final,,3,0,0,0,0
9,1,Episode 1: Biscuits,Biscuits,,12,1,1,0,0
9,2,Episode 2: Cakes,Cakes,Prue Leith,11,1,1,0,0
9,3,Episode 3: Bread,Bread,,10,1,1,0,0
9,4,Episode 4: Desserts,Desserts,,9,0,1,1,0
9,5,Episode 5: Spice,Spice,,9,2,1,0,1
9,6,Episode 6: Pastry,Pastry,Prue Leith,7,1,1,0,0
9,7,Episode 7: Vegan,Vegan,,6,1,1,0,0
9,8,Episode 8: Danish (Quarterfinals),Danish,,5,1,1,0,0
9,9,Episode 9: Pâtisserie (Semi-final),Pâtisserie,,4,1,1,0,0
9,10,Episode 10: Final,Final,,3,0,0,0,0
10,1,Episode 1: Cake,Cake,Prue Leith,13,1,1,0,0
10,2,Episode 2: Biscuits,Biscuits,,12,1,1,0,0
10,3,Episode 3: Bread,Bread,,11,1,1,0,0
10,4,Episode 4: Dairy,Dairy,,10,1,1,0,0
10,5,Episode 5: The Roaring Twenties,The Roaring Twenties,Prue Leith,9,2,1,0,1
10,6,Episode 6: Desserts,Desserts,,7,1,1,0,0
10,7,Episode 7: Festivals,Festivals,,6,1,1,0,0
10,8,Episode 8: Pastry (Quarterfinals),Pastry,,5,1,1,0,0
10,9,Episode 9: Pâtisserie (Semifinal),Pâtisserie,,4,1,1,0,0
10,10,Episode 10: Final,Final,Paul Hollywood,3,0,0,0,0
11,1,Episode 1: Cake,Cake,Paul Hollywood,12,1,1,0,0
11,2,Episode 2: Biscuits,Biscuits,Prue Leith,11,1,1,0,0
11,3,Episode 3: Bread,Bread,Paul Hollywood,10,1,1,0,0
11,4,Episode 4: Chocolate,Chocolate,,9,1,1,0,0
11,5,Episode 5: Pastry,Pastry,Prue Leith,8,1,1,0,0
11,6,Episode 6: Japanese,Japanese,,7,1,1,0,0
11,7,Episode 7: The '80s,The '80s,,6,1,1,0,0
11,8,Episode 8: Desserts (Quarterfinals),Desserts,,5,1,1,0,0
11,9,Episode 9: Pâtisserie (Semifinals),Pâtisserie,Paul Hollywood,4,1,1,0,0
11,10,Episode 10: Final,Final,,3,0,0,0,0
12,1,Episode 1: Cake,Cake,Prue Leith,12,1,1,0,0
12,2,Episode 2: Biscuits,Biscuits,Paul Hollywood,11,1,1,0,0
12,3,Episode 3: Bread,Bread,Paul Hollywood,10,1,1,0,0
12,4,Episode 4: Desserts,Desserts,Prue Leith,9,1,1,0,0
12,5,Episode 5: German,German,,8,1,1,0,0
12,6,Episode 6: Pastry,Pastry,,7,1,1,0,0
12,7,Episode 7: Caramel,Caramel,Paul Hollywood,6,1,1,0,0
12,8,Episode 8: Free-from (Quarterfinals),Free-from,,5,1,1,0,0
12,9,Episode 9: Pâtisserie (Semifinals),Pâtisserie,Prue Leith,4,1,1,0,0
12,10,Episode 10: Final,Final,Paul Hollywood,3,0,0,0,0
13,1,Episode 1: Cake,Cake,Paul Hollywood,12,1,1,0,0
13,2,Episode 2: Biscuits,Biscuits,Prue Leith,11,1,1,0,0
13,3,Episode 3: Bread,Bread,Paul Hollywood,10,0,1,1,0
13,4,Episode 4: Mexican,Mexican,,10,2,1,0,1
13,5,Episode 5: Desserts,Desserts,,8,1,1,0,0
13,6,Episode 6: Halloween,Halloween,Paul Hollywood,7,1,1,0,0
13,7,Episode 7: Custard,Custard,,6,1,1,0,0
13,8,Episode 8: Pastry (Quarterfinals),Pastry,Prue Leith,5,1,1,0,0
13,9,Episode 9: Pâtisserie (Semi-final),Pâtisserie,,4,1,1,0,0
13,10,Episode 10: Final,Final,,3,0,0,0,0
14,1,Episode 1: Cake,Cake,Paul Hollywood,12,1,1,0,0
14,2,Episode 2: Biscuits,Biscuits,Prue Leith,11,1,1,0,0
14,3,Episode 3: Bread,Bread,Paul Hollywood,10,1,1,0,0
14,4,Episode 4: Chocolate,Chocolate,Prue Leith,9,0,1,1,0
14,5,Episode 5: Pastry,Pastry,Paul Hollywood,9,2,1,0,1
14,6,Episode 6: Botanical,Botanical,,7,1,1,0,0
14,7,Episode 7: Desserts,Desserts,Paul Hollywood,6,1,1,0,0
14,8,Episode 8: Party (Quarterfinals),Party,Paul Hollywood,5,1,1,0,0
14,9,Episode 9: Patisserie (Semifinal),Patisserie,Prue Leith,4,1,1,0,0
14,10,Episode 10: Final,Final,Paul Hollywood,3,0,0,0,0
15,1,Episode 1: Cake,Cake,Paul Hollywood,12,0,1,1,0
15,2,Episode 2: Biscuits,Biscuits,Prue Leith,12,1,1,0,0
15,3,Episode 3: Bread,Bread,,10,1,1,0,0
15,4,Episode 4: Caramel,Caramel,,9,1,1,0,0
15,5,Episode 5: Pastry,Pastry,,8,1,1,0,0
15,6,Episode 6: Autumn,Autumn,,7,1,1,0,0
15,7,Episode 7: Desserts,Desserts,,6,1,1,0,0
15,8,Episode 8: The '70s (Quarterfinals),The '70s,,5,1,1,0,0
15,9,Episode 9: Patisserie (Semifinal),Patisserie,,4,1,1,0,0
15,10,Episode 10: Final,Final,,3,0,0,0,0
16,1,Episode 1: Cake,Cake,Paul Hollywood,12,1,1,0,0
16,2,Episode 2: Biscuits,Biscuits,Prue Leith,11,1,1,0,0
16,3,Episode 3: Bread,Bread,Paul Hollywood,10,1,1,0,0
16,4,Episode 4: Back To School,Back To School,Prue Leith,9,1,1,0,0
16,5,Episode 5: Chocolate,Chocolate,Paul Hollywood,8,1,1,0,0
16,6,Episode 6: Pastry,Pastry,Paul Hollywood,7,1,1,0,0
16,7,Episode 7: Meringue,Meringue,Paul Hollywood,6,1,1,0,0
16,8,Episode 8: Desserts (Quarterfinals),Desserts,Prue Leith,5,1,1,0,0
16,9,Episode 9: Pâtisserie (Semifinal),Pâtisserie,Paul Hollywood,4,1,1,0,0
16,10,Episode 10: Final,Final,,3,0,0,0,0
17,1,Episode 1: Cake,Cake,,12,0,0,1,0
